{
  "0": {
    "precision": 0.8518518518518519,
    "recall": 0.696969696969697,
    "f1-score": 0.7666666666666667,
    "support": 33.0
  },
  "1": {
    "precision": 0.7058823529411765,
    "recall": 0.8571428571428571,
    "f1-score": 0.7741935483870968,
    "support": 28.0
  },
  "accuracy": 0.7704918032786885,
  "macro avg": {
    "precision": 0.7788671023965141,
    "recall": 0.777056277056277,
    "f1-score": 0.7704301075268818,
    "support": 61.0
  },
  "weighted avg": {
    "precision": 0.7848494589092468,
    "recall": 0.7704918032786885,
    "f1-score": 0.7701216287678477,
    "support": 61.0
  }
}