{
  "accuracy": 0.7704918032786885,
  "precision": 0.7058823529411765,
  "recall": 0.8571428571428571,
  "f1": 0.7741935483870968,
  "roc_auc": 0.8766233766233767,
  "decision_threshold": 0.35
}