{
  "decision_threshold": 0.35,
  "feature_count": 242,
  "numeric_features": {
    "age": {
      "min": 29.0,
      "max": 76.0,
      "missing_rate": 0.0,
      "bins": [
        -Infinity,
        45.0,
        53.0,
        57.0,
        62.0,
        Infinity
      ],
      "bin_proportions": [
        0.1859504132231405,
        0.21074380165289255,
        0.15289256198347106,
        0.23553719008264462,
        0.21487603305785125
      ]
    },
    "resting_blood_pressure": {
      "min": 94.0,
      "max": 200.0,
      "missing_rate": 0.0,
      "bins": [
        -Infinity,
        120.0,
        128.0,
        134.0,
        142.0,
        Infinity
      ],
      "bin_proportions": [
        0.19834710743801653,
        0.19834710743801653,
        0.1859504132231405,
        0.21074380165289255,
        0.2066115702479339
      ]
    },
    "cholesterol": {
      "min": 126.0,
      "max": 564.0,
      "missing_rate": 0.0,
      "bins": [
        -Infinity,
        205.0,
        233.0,
        256.0,
        288.8,
        Infinity
      ],
      "bin_proportions": [
        0.19834710743801653,
        0.19421487603305784,
        0.19834710743801653,
        0.2066115702479339,
        0.2024793388429752
      ]
    },
    "max_heart_rate": {
      "min": 71.0,
      "max": 202.0,
      "missing_rate": 0.0,
      "bins": [
        -Infinity,
        130.0,
        147.0,
        158.60000000000002,
        169.0,
        Infinity
      ],
      "bin_proportions": [
        0.19834710743801653,
        0.19008264462809918,
        0.21074380165289255,
        0.17768595041322313,
        0.2231404958677686
      ]
    },
    "oldpeak": {
      "min": 0.0,
      "max": 6.2,
      "missing_rate": 0.0,
      "bins": [
        -Infinity,
        0.2,
        1.0,
        1.8,
        Infinity
      ],
      "bin_proportions": [
        0.36363636363636365,
        0.21074380165289255,
        0.19421487603305784,
        0.23140495867768596
      ]
    },
    "num_vessels": {
      "min": 0.0,
      "max": 3.0,
      "missing_rate": 0.02066115702479339,
      "bins": [
        -Infinity,
        1.0,
        Infinity
      ],
      "bin_proportions": [
        0.5864978902953587,
        0.41350210970464135
      ]
    }
  },
  "categorical_features": {
    "sex": {
      "categories": [
        "fem",
        "male"
      ],
      "proportions": [
        0.3181818181818182,
        0.6818181818181818
      ],
      "missing_rate": 0.0
    },
    "chest_pain_type": {
      "categories": [
        "abnang",
        "angina",
        "asympt",
        "notang"
      ],
      "proportions": [
        0.1652892561983471,
        0.06611570247933884,
        0.4669421487603306,
        0.30165289256198347
      ],
      "missing_rate": 0.0
    },
    "fasting_blood_sugar_gt_120": {
      "categories": [
        "fal",
        "true"
      ],
      "proportions": [
        0.8429752066115702,
        0.15702479338842976
      ],
      "missing_rate": 0.0
    },
    "rest_ecg": {
      "categories": [
        "abn",
        "hyp",
        "norm"
      ],
      "proportions": [
        0.01652892561983471,
        0.49173553719008267,
        0.49173553719008267
      ],
      "missing_rate": 0.0
    },
    "exercise_induced_angina": {
      "categories": [
        "fal",
        "true"
      ],
      "proportions": [
        0.6652892561983471,
        0.3347107438016529
      ],
      "missing_rate": 0.0
    },
    "slope": {
      "categories": [
        "down",
        "flat",
        "up"
      ],
      "proportions": [
        0.05785123966942149,
        0.4462809917355372,
        0.49586776859504134
      ],
      "missing_rate": 0.0
    },
    "thal": {
      "categories": [
        "<missing>",
        "fix",
        "norm",
        "rev"
      ],
      "proportions": [
        0.004132231404958678,
        0.05371900826446281,
        0.5495867768595041,
        0.3925619834710744
      ],
      "missing_rate": 0.004132231404958678
    }
  },
  "score_distribution": {
    "bins": [
      -Infinity,
      0.052895649980881164,
      0.21868577910969034,
      0.6508255181947566,
      0.9379431127477043,
      Infinity
    ],
    "bin_proportions": [
      0.2024793388429752,
      0.19834710743801653,
      0.19834710743801653,
      0.19834710743801653,
      0.2024793388429752
    ],
    "mean": 0.47218419139890566
  },
  "positive_prediction_rate": 0.5330578512396694
}