{
  "0": {
    "precision": 0.8181818181818182,
    "recall": 0.8181818181818182,
    "f1-score": 0.8181818181818182,
    "support": 33.0
  },
  "1": {
    "precision": 0.7857142857142857,
    "recall": 0.7857142857142857,
    "f1-score": 0.7857142857142857,
    "support": 28.0
  },
  "accuracy": 0.8032786885245902,
  "macro avg": {
    "precision": 0.801948051948052,
    "recall": 0.801948051948052,
    "f1-score": 0.801948051948052,
    "support": 61.0
  },
  "weighted avg": {
    "precision": 0.8032786885245902,
    "recall": 0.8032786885245902,
    "f1-score": 0.8032786885245902,
    "support": 61.0
  }
}