{
  "accuracy": 0.8032786885245902,
  "precision": 0.7857142857142857,
  "recall": 0.7857142857142857,
  "f1": 0.7857142857142857,
  "roc_auc": 0.8766233766233767
}